<?xml version="1.0" encoding="UTF-8"?><rss version="2.0"
	xmlns:content="http://purl.org/rss/1.0/modules/content/"
	xmlns:wfw="http://wellformedweb.org/CommentAPI/"
	xmlns:dc="http://purl.org/dc/elements/1.1/"
	xmlns:atom="http://www.w3.org/2005/Atom"
	xmlns:sy="http://purl.org/rss/1.0/modules/syndication/"
	xmlns:slash="http://purl.org/rss/1.0/modules/slash/"
	>

<channel>
	<title>ETC</title>
	<atom:link href="http://http://http://localhost/wordpress/feed/" rel="self" type="application/rss+xml" />
	<link>http://http://http://localhost/wordpress</link>
	<description></description>
	<lastBuildDate>Sat, 09 Apr 2022 15:28:00 +0000</lastBuildDate>
	<language>en-US</language>
	<sy:updatePeriod>
	hourly	</sy:updatePeriod>
	<sy:updateFrequency>
	1	</sy:updateFrequency>
	<generator>https://wordpress.org/?v=5.9.3</generator>
	<item>
		<title>Hello world!</title>
		<link>http://http://http://localhost/wordpress/hello-world/</link>
					<comments>http://http://http://localhost/wordpress/hello-world/#comments</comments>
		
		<dc:creator><![CDATA[esam]]></dc:creator>
		<pubDate>Sat, 09 Apr 2022 15:28:00 +0000</pubDate>
				<category><![CDATA[Uncategorized]]></category>
		<guid isPermaLink="false">http:/?p=1</guid>

					<description><![CDATA[Welcome to WordPress. This is your first post. Edit or delete it, then start writing!]]></description>
										<content:encoded><![CDATA[
<p>Welcome to WordPress. This is your first post. Edit or delete it, then start writing!</p>
<!--themify_builder_content-->
<div id="themify_builder_content-1" data-postid="1" class="themify_builder_content themify_builder_content-1 themify_builder tf_clear">
    </div>
<!--/themify_builder_content-->
]]></content:encoded>
					
					<wfw:commentRss>http://http://http://localhost/wordpress/hello-world/feed/</wfw:commentRss>
			<slash:comments>1</slash:comments>
		
		
			</item>
	</channel>
</rss>
